{"graph": {"_type": "graph-file", "path": "media/graph/graph_summary_b9eb1c97.graph.json", "sha256": "b9eb1c976765c25d2e9a1fe2b09fb71978e5130a571ee96199640eadf622252d", "size": 1561}, "_runtime": 326.01664328575134, "_step": 563, "_timestamp": 1595087880.4620311, "val_acc": 0.7224621772766113, "acc": 0.9189845323562622, "val_loss": 0.059346248228786834, "epoch": 299, "loss": 0.010045832238774291, "best_val_loss": 0.04897048873887206, "best_epoch": 117, "train/global_step": 299, "train/keras": null, "global_step": 299, "train/batch_2": null, "train/epoch_loss": 0.010045832023024559, "train/epoch_acc": 0.9189845323562622, "validation/global_step": 299, "validation/epoch_loss": 0.05934624746441841, "validation/epoch_acc": 0.7224621772766113}
